1,2,3,4,5,6,7,8,9,10,11,12,13,14,15,16,17,18,19,20,21,22,23,24,25,26,27,28,29,30,31,32,33,34,35,36,37,38,39,40,41,42,43,44,45,46,47,48,49,50,51,52,53,54,55,56,57,58,59,60,61,62,63,64,65,66,67,68,69,70,71,72,73,74,75,76,77,78,79,80,81,82,83,84,85,86,87,88,89,90,91,92,93,94,95,96,97,98,99,100,101,102,103,104,105,106,107,108,109,110,111,112,113,114,115,116,117,118,119,120,121,122,123,124,125,126,127,128,129,130,131,132,133,134,135,136,137,138,139,140,141,142,143,144,145,146,147,148,149,150,151,152,153,154,155,156,157,158,159,160,161,162,163,164,165,166,167,168,169,170,171,172,173,174,175,176,177,178,179,180,181,182
14.79424216765453,0.663844199830652,2.1100762066045724,10.360711261642676,6.614733276883997,29.043183742591026,48.413209144792546,0.0,0.0,0.0,0.0,0.0,0.0,0.0,0.0,0.0,0.0,0.0,0.0,0.0,0.0,3.855763896593809,8.513924331521135,8.080772217907468,10.019305447686675,10.061910573615888,14.073893265283479,73.39443026739154,138.26848249027236,56.4260700389105,26.087548638132297,58.12645914396887,36.33463035019455,109.49610894941634,35.26070038910506,32.285413097904865,52.31875082356042,30.032942416655686,37.097509553300824,16.483989985505335,72.82988536039004,17.951508762682828,12.07930174563591,11.551620947630923,5.953615960099751,5.7586034912718205,18.285286783042395,26.211970074812967,35.15960099750623,11.332932547793675,8.98563183840327,12.69189611638812,9.076229409642899,6.860706985691957,42.811470482145005,45.24113261993507,13.215439763104577,22.789339705958753,23.26479297625851,19.828562522728454,19.601641643721752,53.25076627357265,56.049457114655304,14.193835109110593,12.081362885305682,11.5585436727252,3.666799612557689,16.150874594040225,37.89732778759045,28.45125633867016,10.187276892748681,8.693590494965102,15.479514092386381,10.02504129149129,7.026479833768448,29.487719111300553,24.10037828333955,19.2996468041472,10.6965933690327,25.234134670160646,8.117352170445482,6.1075538338840145,16.541756864532303,12.002962287797654,8.534246575342465,11.82146972218666,10.072461912687235,11.411278965561388,17.01721930610677,18.521252080399435,11.622071437716041,32.00429331959471,28.883908638159024,31.570152842177574,51.6898505924781,24.461102524471922,27.160913618409754,41.229778464708914,7.005308745459626,6.7281363509360155,10.304554344789047,7.541771444537581,7.03660240290584,11.6635931824532,13.720033528918693,18.32648492032135,18.09772158567101,17.576649545634137,24.528513104174895,30.90846832608982,36.74193335967339,46.820229158435396,36.31714998811505,16.98169717138103,29.920133111480865,22.57006180175897,37.241323983836466,52.30247207035893,47.6671618730687,3.8375634517766497,6.988155668358714,4.777213761985335,3.603308892648994,2.571536003008084,4.285015980447453,1.9372062417747697,0.0,0.0,0.0,0.0,0.0,0.0,0.0,53.856909585727244,81.20012095554884,68.32730571514969,105.71684306017539,77.8206229210765,72.35198064711219,48.72621711521016,18.413127807268275,35.090853409554924,34.733564720294,26.286239281339324,26.8476929358922,70.1434258881176,38.48509595753369,25.560370980324173,20.380948253445435,21.840166421080003,31.942446043165468,14.848747508017683,40.44118921730086,29.986131576666377,49.665294711501126,36.5835210064456,21.002252077347208,14.656131086433174,12.172866350858119,22.36561310864332,52.55432165877146,3.4301396400032287,5.40866898054726,7.180563403018807,3.8589070950036324,6.948099120187263,17.66211962224554,19.51150213899427,2.131233595800525,3.4573995558247526,2.1107409650716735,2.9743589743589745,4.10438118312134,6.3702806379971735,7.85160508782556,25.25527272727273,27.27309090909091,22.521454545454546,19.006545454545456,48.330000000000005,20.991818181818182,15.621818181818183
7.529212531752752,0.33784928027095684,1.0738780694326842,5.272861981371719,3.3664267569856055,14.780906011854361,24.63886536833192,0.0,0.0,0.0,0.0,0.0,0.0,0.0,0.0,0.0,0.0,0.0,0.0,0.0,0.0,0.0,0.0,0.0,0.0,0.0,0.0,0.0,80.55642023346303,32.874319066147855,15.198832684824902,33.864980544747084,21.16887159533074,63.79338521400778,20.5431906614786,3.2410067202529977,5.252075372249308,3.01488997232837,3.724074318091975,1.654763473448412,7.311108182896297,1.8020819607326393,12.07930174563591,11.551620947630923,5.953615960099751,5.7586034912718205,18.285286783042395,26.211970074812967,35.15960099750623,11.332932547793675,8.98563183840327,12.69189611638812,9.076229409642899,6.860706985691957,42.811470482145005,45.24113261993507,4.955789911164216,8.546002389734532,8.724297366096941,7.43571094602317,7.3506156163956575,19.969037352589744,21.01854641799574,0.0,0.0,0.0,0.0,0.0,0.0,0.0,10.187276892748681,8.693590494965102,15.479514092386381,10.02504129149129,7.026479833768448,29.487719111300553,24.10037828333955,41.94719152329953,23.248718240856785,54.845619232083855,17.642816452090692,13.274581292013217,35.95300216474878,26.088071094907146,8.534246575342465,11.82146972218666,10.072461912687235,11.411278965561388,17.01721930610677,18.521252080399435,11.622071437716041,32.94956780582746,29.737019863758658,32.502604613887456,53.2165550403572,25.183582345869826,27.963134695746753,42.44753563455264,9.851215423302598,9.461441743503771,14.490779547359598,10.605616093880974,9.895222129086337,16.401927912824814,19.29379715004191,14.813117344922956,14.628210193599367,14.207032793362307,19.82615566969577,24.983010667720272,29.69814302647175,37.844330304227576,8.967197527929642,4.1930116472545755,7.387687188019967,5.572854765866413,9.195388637984312,12.914190634656526,11.769669598288568,0.0,0.0,0.0,0.0,0.0,0.0,0.0,3.6192910702113155,3.426039536468984,0.9185412406271302,1.498295841854124,1.0044308111792775,9.359577368779822,8.173824130879346,37.95427880254007,57.22370728757182,48.15192016933777,74.50123979437556,54.84209253099486,50.98820683398851,34.33855458119141,0.0,0.0,0.0,0.0,0.0,0.0,0.0,17.408685100112677,13.88107826991419,14.874924157059894,21.755395683453237,10.113201005460692,27.543728872323825,20.42298691167548,43.24920400714452,31.857420206569852,18.289042478838237,12.76275530014755,10.600295099790323,19.476275530014757,45.76500737749476,3.5909274356283802,5.662200339010413,7.5171523125353135,4.039793365081928,7.2737912664460405,18.490031479538303,20.426103801759627,0.0,0.0,0.0,0.0,0.0,0.0,0.0,11.428363636363637,12.341454545454546,10.191272727272729,8.600727272727273,21.87,9.49909090909091,7.069090909090909
0.0,0.0,0.0,0.0,0.0,0.0,0.0,0.0,0.0,0.0,0.0,0.0,0.0,0.0,0.0,0.0,0.0,0.0,0.0,0.0,0.0,0.0,0.0,0.0,0.0,0.0,0.0,0.0,40.87937743190661,16.68249027237354,7.71284046692607,17.1852140077821,10.742412451361867,32.37276264591439,10.424902723735409,0.0,0.0,0.0,0.0,0.0,0.0,0.0,10.503740648379052,10.044887780548628,5.177057356608479,5.007481296758105,15.900249376558603,22.793017456359102,30.573566084788027,0.0,0.0,0.0,0.0,0.0,0.0,0.0,4.002753389786482,6.90254039170866,7.04654787261676,6.0057665333264065,5.9370356901657235,16.1288378617071,16.976518260688866,0.0,0.0,0.0,0.0,0.0,0.0,0.0,3.880867387713783,3.311843998081944,5.896957749480526,3.8190633491395385,2.6767542223879803,11.233416804304973,9.181096488891257,11.619175116782499,6.4397858038054006,15.191979036117123,4.886977327104933,3.676996695909764,9.958812806198019,7.226273214082261,8.534246575342465,11.82146972218666,10.072461912687235,11.411278965561388,17.01721930610677,18.521252080399435,11.622071437716041,29.708626710172304,26.812067090274198,29.305627110882135,47.982139790486,22.70650867250558,25.212662430591333,38.27236819508844,4.487775915060073,4.310212349818385,6.601355127130483,4.831447331656888,4.507823414361553,7.471989382509081,8.789396479463537,4.178058738311603,4.125905439220334,4.007111813512445,5.591992624785987,7.046490188331358,8.3763993151587,10.674041880679573,8.967197527929642,4.1930116472545755,7.387687188019967,5.572854765866413,9.195388637984312,12.914190634656526,11.769669598288568,0.0,0.0,0.0,0.0,0.0,0.0,0.0,0.0,0.0,0.0,0.0,0.0,0.0,0.0,2.756456002419111,4.15591170244935,3.4970668279407318,5.410704566071969,3.982945267614152,3.703054127608104,2.4938615058965827,0.0,0.0,0.0,0.0,0.0,0.0,0.0,9.256999219901186,7.381208286382942,7.909681893039785,11.568345323741008,5.377654502903701,14.646268527346797,10.85984224668458,6.891356682457094,5.076182340607285,2.9141880872874117,2.033625844529005,1.6890580104061503,3.1033625844529005,7.292226450260154,1.7150698200016143,2.70433449027363,3.5902817015094035,1.9294535475018162,3.4740495600936314,8.83105981112277,9.755751069497135,0.0,0.0,0.0,0.0,0.0,0.0,0.0,11.428363636363637,12.341454545454546,10.191272727272729,8.600727272727273,21.87,9.49909090909091,7.069090909090909
0.0,0.0,0.0,0.0,0.0,0.0,0.0,0.0,0.0,0.0,0.0,0.0,0.0,0.0,0.0,0.0,0.0,0.0,0.0,0.0,0.0,2.4098524353711306,5.32120270720071,5.050482636192167,6.262065904804172,6.28869410850993,8.796183290802174,45.871518917119715,23.746108949416342,9.69056420233463,4.480252918287937,9.982587548638133,6.240077821011673,18.80476653696498,6.055642023346304,12.839372776386876,20.806298590064568,11.943602582685466,14.753063644748977,6.555409144814863,28.963236263012256,7.139016998286994,10.503740648379052,10.044887780548628,5.177057356608479,5.007481296758105,15.900249376558603,22.793017456359102,30.573566084788027,0.0,0.0,0.0,0.0,0.0,0.0,0.0,4.002753389786482,6.90254039170866,7.04654787261676,6.0057665333264065,5.9370356901657235,16.1288378617071,16.976518260688866,0.0,0.0,0.0,0.0,0.0,0.0,0.0,3.880867387713783,3.311843998081944,5.896957749480526,3.8190633491395385,2.6767542223879803,11.233416804304973,9.181096488891257,0.0,0.0,0.0,0.0,0.0,0.0,0.0,0.0,0.0,0.0,0.0,0.0,0.0,0.0,8.37243116377583,7.556127998168183,8.25885854943042,13.5222393955006,6.3991069895243005,7.10538668498483,10.785849218615834,19.045683151718357,18.29212070410729,28.01550712489522,20.504191114836548,19.130762782900252,31.710393964794637,37.3013411567477,13.863558540761229,13.690504411958383,13.296325563018568,18.555248254971684,23.38153562491769,27.79441590939023,35.41841169498222,8.967197527929642,4.1930116472545755,7.387687188019967,5.572854765866413,9.195388637984312,12.914190634656526,11.769669598288568,3.8375634517766497,6.988155668358714,4.777213761985335,3.603308892648994,2.571536003008084,4.285015980447453,1.9372062417747697,0.0,0.0,0.0,0.0,0.0,0.0,0.0,0.0,0.0,0.0,0.0,0.0,0.0,0.0,0.0,0.0,0.0,0.0,0.0,0.0,0.0,9.256999219901186,7.381208286382942,7.909681893039785,11.568345323741008,5.377654502903701,14.646268527346797,10.85984224668458,6.891356682457094,5.076182340607285,2.9141880872874117,2.033625844529005,1.6890580104061503,3.1033625844529005,7.292226450260154,1.7150698200016143,2.70433449027363,3.5902817015094035,1.9294535475018162,3.4740495600936314,8.83105981112277,9.755751069497135,0.0,0.0,0.0,0.0,0.0,0.0,0.0,11.428363636363637,12.341454545454546,10.191272727272729,8.600727272727273,21.87,9.49909090909091,7.069090909090909
0.0,0.0,0.0,0.0,0.0,0.0,0.0,0.0,0.0,0.0,0.0,0.0,0.0,0.0,0.0,0.0,0.0,0.0,0.0,0.0,0.0,3.223177632308887,7.117108620880949,6.755020525907024,8.37551314767558,8.411128370132031,11.764895151447908,61.353156551647615,31.861867704280154,13.002529182879377,6.01147859922179,13.394357976653696,8.372762645914397,25.231712062256808,8.125291828793776,12.839372776386876,20.806298590064568,11.943602582685466,14.753063644748977,6.555409144814863,28.963236263012256,7.139016998286994,7.247581047381546,6.930972568578554,3.5721695760598506,3.455162094763092,10.971172069825437,15.72718204488778,21.09576059850374,0.0,0.0,0.0,0.0,0.0,0.0,0.0,5.718219128266403,9.860771988155228,10.066496960881086,8.57966647618058,8.481479557379604,23.04119694529586,24.252168943841237,0.0,0.0,0.0,0.0,0.0,0.0,0.0,3.880867387713783,3.311843998081944,5.896957749480526,3.8190633491395385,2.6767542223879803,11.233416804304973,9.181096488891257,5.1203144582431355,2.8378717101515325,6.694770422695681,2.1535832288936994,1.6203714253161672,4.388629372222855,3.1844593824769283,0.0,0.0,0.0,0.0,0.0,0.0,0.0,0.0,0.0,0.0,0.0,0.0,0.0,0.0,9.960673372450406,9.566568873987148,14.651788208996926,10.723456272701872,10.00516904163174,16.584171556300642,19.508172673931266,12.344264454102463,12.190175161332807,11.839193994468589,16.521796391413144,20.81917555643356,24.748452522059793,31.536941920189648,8.967197527929642,4.1930116472545755,7.387687188019967,5.572854765866413,9.195388637984312,12.914190634656526,11.769669598288568,7.675126903553299,13.976311336717428,9.55442752397067,7.206617785297988,5.143072006016168,8.570031960894905,3.8744124835495395,0.0,0.0,0.0,0.0,0.0,0.0,0.0,0.0,0.0,0.0,0.0,0.0,0.0,0.0,0.0,0.0,0.0,0.0,0.0,0.0,0.0,9.256999219901186,7.381208286382942,7.909681893039785,11.568345323741008,5.377654502903701,14.646268527346797,10.85984224668458,0.0,0.0,0.0,0.0,0.0,0.0,0.0,1.7150698200016143,2.70433449027363,3.5902817015094035,1.9294535475018162,3.4740495600936314,8.83105981112277,9.755751069497135,0.0,0.0,0.0,0.0,0.0,0.0,0.0,0.0,0.0,0.0,0.0,0.0,0.0,0.0
0.0,0.0,0.0,0.0,0.0,0.0,0.0,0.0,0.0,0.0,0.0,0.0,0.0,0.0,0.0,0.0,0.0,0.0,0.0,0.0,0.0,4.1569954510152005,9.179074669921224,8.71208254743149,10.802063685787196,10.84799733717963,15.17341617663375,79.1283701320315,31.861867704280154,13.002529182879377,6.01147859922179,13.394357976653696,8.372762645914397,25.231712062256808,8.125291828793776,16.20503360126499,26.26037686124654,15.07444986164185,18.620371590459875,8.27381736724206,36.55554091448148,9.010409803663196,7.247581047381546,6.930972568578554,3.5721695760598506,3.455162094763092,10.971172069825437,15.72718204488778,21.09576059850374,5.955993747745581,4.722375856679091,6.670193579415654,4.7699891787904285,3.6056270289767944,22.499458939521464,23.776361668870987,5.718219128266403,9.860771988155228,10.066496960881086,8.57966647618058,8.481479557379604,23.04119694529586,24.252168943841237,0.0,0.0,0.0,0.0,0.0,0.0,0.0,3.880867387713783,3.311843998081944,5.896957749480526,3.8190633491395385,2.6767542223879803,11.233416804304973,9.181096488891257,0.0,0.0,0.0,0.0,0.0,0.0,0.0,2.4931506849315066,3.4534630649084623,2.9425169632569452,3.3336320573550124,4.971322493918833,5.41070285494815,3.395211880681091,0.0,0.0,0.0,0.0,0.0,0.0,0.0,12.916037999441185,12.405001397038278,18.999022073204806,13.905141100866164,12.973735680357642,21.504749930148087,25.29631181894384,14.908073225339129,14.721980771763466,14.298103516396681,19.95324641116818,25.14315817200053,29.888515738179905,38.08692216515211,13.00243641549798,6.079866888519134,10.712146422628951,8.080639410506299,13.333313525077253,18.72557642025196,17.066020917518422,7.675126903553299,13.976311336717428,9.55442752397067,7.206617785297988,5.143072006016168,8.570031960894905,3.8744124835495395,0.0,0.0,0.0,0.0,0.0,0.0,0.0,0.0,0.0,0.0,0.0,0.0,0.0,0.0,0.0,0.0,0.0,0.0,0.0,0.0,0.0,0.0,0.0,0.0,0.0,0.0,0.0,0.0,18.53537314591908,13.653180088529938,7.838161062359245,5.4697522714918065,4.542983614195853,8.346975227149182,19.613574590354897,4.82363386875454,7.6059407538945845,10.097667285495197,5.426588102348858,9.770764387763338,24.837355718782792,27.438049882960694,0.0,0.0,0.0,0.0,0.0,0.0,0.0,11.428363636363637,12.341454545454546,10.191272727272729,8.600727272727273,21.87,9.49909090909091,7.069090909090909
0.0,0.0,0.0,0.0,0.0,0.0,0.0,10.767349434423723,8.413329257107918,5.28890247630694,1.2962396820544175,3.748089269336594,6.579027820238459,23.90706206053195,0.0,0.0,0.0,0.0,0.0,0.0,0.0,11.868523244202818,26.206923332963495,24.873626983246425,30.840674581160545,30.971818484411408,43.321202707200705,225.9172306668146,42.38229571984436,17.295817120622566,7.996400778210116,17.8170233463035,11.137354085603112,33.56293774319066,10.808171206225682,16.578995915140336,26.866385558044538,15.422321781525893,19.05007247331664,8.464751614178416,37.39913032020029,9.218342337593885,28.990324189526184,27.723890274314215,14.288678304239403,13.820648379052368,43.88468827930175,62.90872817955112,84.38304239401496,14.22820728628111,11.281231213177827,15.934351328604064,11.394974149332691,8.61344234700012,53.748707466634606,56.79908620896958,26.6214868304847,45.90737181152268,46.865135851213054,39.94311392799626,39.48599927268949,107.26957244532183,112.90731986077199,10.530909919662697,8.963591818130022,8.575693692667084,2.720528744800866,11.982906956868554,28.117372229502593,21.108996638368183,22.509030848739943,19.20869518887527,34.20235494698705,22.150567425009324,15.525174489850286,65.15381746496884,53.25035963556929,42.5379970377122,23.5761649766435,55.61809274239489,17.89130682465535,13.461547225703542,36.45938247692834,26.455508715962175,2.4931506849315066,3.4534630649084623,2.9425169632569452,3.3336320573550124,4.971322493918833,5.41070285494815,3.395211880681091,18.09525445074131,16.33098631862156,17.849791058446392,29.225485145114202,13.830328009617036,15.356803480451084,23.311351537008413,7.114766694607432,6.833263481419391,10.465563006426375,7.65961162335848,7.146549315451243,11.84583682592903,13.934409052808048,9.780455682865798,9.658369550902146,9.380284472540497,13.090346371658105,16.495192940866588,19.60838930593968,24.98696167522718,21.222367482766817,9.923460898502494,17.484193011647253,13.18908961255051,21.762419776562872,30.563584502020444,27.85488471594961,20.14720812182741,36.68781725888325,25.08037225042301,18.91737168640722,13.500564015792442,22.49633389734913,10.170332769317541,8.27266530334015,7.830947511929107,2.0995228357191547,3.4246762099522834,2.295841854124063,21.393319700068165,18.683026584867076,2.9684910795282735,4.4755972180223775,3.7660719685515573,5.826912609615967,4.289325672815241,3.9879044451164196,2.6856970063501664,37.415475704369136,71.3046141282156,70.57860351163741,53.4136382196815,54.55451204573295,142.53144140465497,78.20171498570845,0.0,0.0,0.0,0.0,0.0,0.0,0.0,70.3393647588724,51.812068028267454,29.744816339209443,20.75700862002019,17.240040382076568,31.67570086200202,74.43100100955192,4.82363386875454,7.6059407538945845,10.097667285495197,5.426588102348858,9.770764387763338,24.837355718782792,27.438049882960694,6.834645669291339,11.087522713506965,6.76892792247123,9.538461538461538,13.162325863113264,20.428831011508176,25.179285281647488,11.14618181818182,12.036727272727273,9.939636363636364,8.388363636363636,21.330000000000002,9.264545454545456,6.894545454545455
12.944961896697714,0.5808636748518206,1.8463166807790008,9.065622353937341,5.787891617273497,25.412785774767148,42.36155800169348,20.278508101498012,15.845103434219912,9.960766330378071,2.441251401202486,7.0589014572505855,12.390502394782432,45.0249668806685,0.0,0.0,0.0,0.0,0.0,0.0,0.0,11.507045378897148,25.408742926883388,24.116054587817597,29.90136469543992,30.028514368134918,42.00177521358038,219.03650282924664,207.7033073929961,84.76177042801557,39.188035019455256,87.31605058365759,54.58093385214008,164.48219844357976,52.967704280155644,45.249439978916854,73.32705231255765,42.09250230596917,51.99380682566873,23.103043879298983,102.07431809197523,25.159836605613386,63.232518703241894,60.47022443890274,31.165885286783045,30.14503740648379,95.71950124688279,137.2139650872818,184.05286783042393,29.36635806180113,23.283936515570517,32.88776000961885,23.51869664542503,17.777744378982806,110.93483227125166,117.23067211735,40.72642734687516,70.23060938230557,71.69582835471972,61.10629123590836,60.40698218089252,164.10452491038495,172.7293365889137,24.95367785311378,21.23981539513418,20.320665489145917,6.446470286593357,28.39427952823201,66.62594723947353,50.01914420830722,44.53295327401566,38.0034098779903,67.66759017528904,43.82375193137621,30.715754701902075,128.90345782939954,105.35308221002718,68.13956932892788,37.765523527401164,89.0919448558733,28.659222969123846,21.56340435228438,58.40252933804262,42.37780562834682,0.0,0.0,0.0,0.0,0.0,0.0,0.0,3.6460587326120555,3.290571870170015,3.596599690880989,5.8887171561051,2.7867078825347757,3.0942812982998453,4.697063369397218,23.095627270187205,22.181824531992177,33.97282760547639,24.864277731209835,23.19879854708019,38.45340877340039,45.233235540653816,27.347293559857764,27.00592651126037,26.228368233899644,36.60213354405373,46.12248123271435,54.82734097194785,69.8664559462663,39.1567625386261,18.309484193011645,32.25956738768719,24.334799144283338,40.153197052531496,56.391965771333496,51.39422391252675,23.710659898477157,43.176818950930624,29.516356457980823,22.263301372438427,15.888418875728519,26.47527730776462,11.969167136679827,22.10352760736196,20.92331288343558,5.609662576687116,9.150306748466257,6.13420245398773,57.16027607361963,49.918711656441715,28.094647716964015,42.35833081342607,35.64318113093438,55.14756576957968,40.59540368914424,37.74266706985183,25.418203810099786,97.36861984483464,185.56043282972644,183.67109024091468,139.00163331972234,141.97060024499794,370.9184360963659,203.50918742343814,47.804801941579264,38.11788159833579,40.84701395510098,59.74100719424461,27.771171014995232,75.6359538874924,56.08217040825171,49.19002873340064,36.23343946571406,20.801273588568765,14.515881028189796,12.056379591519763,22.15158810281898,52.051409489788,5.038017596254742,7.943982565178788,10.546452498183873,5.667769795786585,10.205020582775042,25.94123819517314,28.657518766647836,11.68503937007874,18.956087219866745,11.572683222289522,16.307692307692307,22.503331314354934,34.9267110841914,43.04845548152635,3.8094545454545456,4.113818181818182,3.3970909090909096,2.866909090909091,7.290000000000001,3.1663636363636365,2.3563636363636364
30.11685012701101,1.3513971210838274,4.295512277730737,21.091447925486875,13.465707027942422,59.123624047417444,98.55546147332768,128.1314582696423,100.11861815958422,62.93793946805258,15.425252216447568,44.60226230510547,78.29043106083766,284.4940385203302,78.32795180722891,34.62879518072289,8.032650602409639,20.139277108433735,24.866626506024097,102.54120481927711,50.46349397590362,51.75158104959503,114.27282813713524,108.4591146122268,134.47786530566958,135.04970598025076,188.89803616997668,985.0908687451458,305.09241245136184,124.50535019455252,57.56274319066148,128.25729571984436,80.17315175097276,241.6055447470817,77.8035019455253,57.96415865067861,93.93134800368955,53.920147582026615,66.60363684279878,29.594808275135062,130.75635788641455,32.229542759256816,110.28927680798004,105.4713216957606,54.35910224438903,52.5785536159601,166.95261845386534,239.32668329177056,321.0224438902743,49.13694841890104,38.9596008176025,55.02909703017915,39.35241072502104,29.746422989058555,185.62053625105207,196.15498376818564,48.16011221362148,83.04961296690738,84.78227440386515,72.25985765494312,71.432905605486,194.05808093926956,204.25715621590732,80.69882058002393,68.68839382371375,65.71591362315537,20.847530055267505,91.82553700643838,215.46464588912312,161.7591590222779,65.2955937982844,55.7217752677287,99.21631413500985,64.25574084927274,45.03638979167777,189.00223773243115,154.4719484255954,186.30067221146177,103.25487068474422,243.58664691808133,78.35729748205537,58.956591090349775,159.67859177395468,115.86532983935285,61.84931506849315,85.67244911022915,72.99705543464344,82.69971834592242,123.32703879144796,134.22705159390603,84.22737165535783,82.91407636384452,74.83004178831072,81.78934111855287,133.9137901425382,63.37180147690194,70.36624878355946,106.81470032629228,79.90430287789886,76.74280525286393,117.53632299525006,86.02333053925678,80.26124615814473,133.0378597373568,156.49413243922885,46.718293164757014,46.13512445673646,44.80679573291189,62.52864480442512,78.792572105887,93.66337416041091,119.35519557487159,42.74364154979796,19.986688851913474,35.214642262895175,26.5639410506299,43.83135250772522,61.5576420251961,56.102091751842174,94.70558375634518,172.45769881556683,117.89481105470952,88.92451588644482,63.46183493137807,105.7480729460425,47.807482609513066,63.596114519427395,60.20040899795501,16.140081799591,26.32719836400818,17.649284253578735,164.46114519427402,143.62576687116564,97.85418808587845,147.53486543695192,124.14587239189598,192.08001209555488,141.3945570003024,131.4584215300877,88.53208345932869,94.12790935075542,179.38444262964475,177.55798285014293,134.37525520620662,137.24540628828092,358.5731931400572,196.73581053491222,93.39897720377914,74.4730865909682,79.8051486521626,116.71942446043165,54.258126029297046,147.7742914102453,109.57094565311606,26.852527762677642,19.779607051331833,11.355284615981983,7.924128290750951,6.5815019026170685,12.092412829075096,28.41453754756543,41.054483816288645,64.73500686092501,85.94236822988135,46.18629429332473,83.16006134474131,211.3934942287513,233.52829122608767,42.55118110236221,69.02877044215627,42.14203513022411,59.38461538461538,81.94609327680193,127.18594791035736,156.76135675348274,36.82472727272727,39.766909090909095,32.83854545454546,27.713454545454546,70.47,30.60818181818182,22.77818181818182
67.76291278577477,3.0406435224386112,9.664902624894157,47.45575783234547,30.297840812870447,133.02815410668924,221.7497883149873,254.468358300214,198.8350147763171,124.99439519005402,30.634464485886067,88.57984306532151,155.48435748496894,565.0035666972384,195.94265060240966,86.62626506024097,20.09421686746988,50.37975903614458,62.2055421686747,256.51373493975905,126.2378313253012,92.74919560634639,204.7997891933873,194.38045046044604,241.01126151115056,242.03611450127593,338.5431044047487,1765.4800843226449,247.9815175097276,101.19892996108949,46.7874513618677,104.24854085603113,65.16536964980544,196.37889105058363,63.239299610894946,66.93925418368691,108.47555672684149,62.269073659243645,76.91645803136117,34.177230201607586,151.00250362366583,37.219923573593356,120.58294264339152,115.31531172069825,59.43261845386534,57.48588528678304,182.53486284289278,261.6638403990025,350.98453865336654,60.80076950823614,48.207586870265715,68.09155945653481,48.69363953348563,36.80744258747144,229.6819766742816,242.71702536972464,60.10483661488908,103.64767000883164,105.81006805548341,90.18182762740922,89.14977401423451,242.1885812249987,254.91724245415347,50.4796877670788,42.96678251951456,41.10740128767591,13.040795396273717,57.43980399977209,134.7800125348983,101.18551649478661,112.0600458202355,95.62949544461613,170.2746550162502,110.27545420640418,77.29127817145293,324.3649102243061,265.10416111673504,162.2745812920132,89.9387034294178,212.17272416543236,68.25202233109263,51.35330978694314,139.0857924119859,100.92286658311497,85.24657534246575,118.08187171937011,100.61144539751632,113.9845730380233,169.98098834976315,185.00441684803482,116.09012930482653,153.2695059820253,138.32589157936917,151.1903944129601,247.5442211918255,117.14494246951743,130.07441753964164,197.45062682466082,122.70236099469126,117.84751327186365,180.49070969544564,132.09884045822855,123.2504889633976,204.29512433640681,240.31496227996647,52.03582246806269,51.38627683392598,49.90675622283682,69.64572632688001,87.76083234558146,104.32424601606743,132.94033978664558,119.26372712146423,55.767054908485854,98.25623960066555,74.1189683860233,122.29866888519136,171.7587354409318,156.53660565723794,160.76649746192894,292.75380710659897,200.1311336717428,150.95290468133106,107.72899041173152,179.51156232374507,81.1551043429216,66.1813224267212,62.64758009543286,16.796182685753237,27.397409679618267,18.366734832992503,171.14655760054532,149.4642126789366,124.25255518596916,187.33571212579378,157.63701239794375,243.89791351678258,179.53891744783792,166.922286059873,112.41560326579982,128.1553695385872,244.23233973050228,241.74561045324623,182.9522253981217,186.85994283380973,488.1982441812985,267.85626786443447,52.64054780272167,41.973736673311954,44.97893733206206,65.78417266187051,30.58039351651209,83.28698968536014,61.755222328161565,155.88724081696049,114.82674535994408,65.92094431932904,46.00201910382853,38.20765706298051,70.20020191038286,164.95519142657452,54.775042376301556,86.36968278311406,114.66462184195657,61.621922673339256,110.95245782549036,282.0419727177335,311.57429978206477,38.43569553805774,62.352412679184326,38.066121542499495,53.64102564102564,74.020391681809,114.88471633353524,141.59963658388855,42.891636363636366,46.31854545454546,38.24872727272728,32.279272727272726,82.08000000000001,35.650909090909096,26.53090909090909
64.06435224386114,2.8746824724809485,9.137383573243014,44.8655800169348,28.64415749364945,125.7673581710415,209.64648602878916,188.60807092632223,147.3734841536737,92.64394170997657,22.705798430653214,65.65403036787934,115.24263731784369,418.7720370936513,195.20602409638553,86.30060240963856,20.01867469879518,50.190361445783125,61.97168674698795,255.54939759036145,125.7632530120482,189.11316986574948,417.58138244757566,396.33662487518035,491.41562187950734,493.50527016531674,690.2804837457006,3599.7674470209695,442.45914396887156,180.5634241245136,83.48015564202335,186.00466926070038,116.27081712062257,350.3875486381323,112.8342412451362,86.50994860983002,140.19001185927002,80.47437079984188,99.40413756753195,44.169455791276846,195.15034918961655,48.10172618263275,117.11670822942644,112.0004987531172,57.72418952618454,55.83341645885287,177.28778054862843,254.14214463840398,340.8952618453865,149.14801009979558,118.25616207767223,167.03276421786703,119.448479018877,90.29091018396056,563.42395094385,595.3997234579776,101.08540703413163,174.31653592394412,177.95329627513118,151.66943737337004,149.93371084212168,407.3171593329524,428.724453218349,188.29724802005583,160.27291892199875,153.33713178736255,48.64423679562418,214.2595863483562,502.75084040795394,377.4380377186485,260.98833182375193,222.7215088710107,396.5704086525654,256.83201022963397,180.01172145559167,755.4472800895094,617.428738877937,359.209752762903,199.0876153583229,469.6638942691124,151.08214651931183,113.6752876837188,307.87922980517266,223.40207360145837,205.2054794520548,284.24657534246575,242.1917808219178,274.3835616438356,409.17808219178085,445.3424657534247,279.45205479452056,340.7039326807487,307.48566031255365,336.08226000343467,550.2679031427099,260.4023699124163,289.14339687446335,438.91447707367337,252.84786253143338,242.8436714165968,371.93000838222963,272.2108130762783,253.97736797988264,420.98281642917016,495.20746018440906,184.68918740945608,182.3837745291716,177.13255630185697,247.19149216383508,311.48689582510207,370.27492427235615,471.84116949822203,387.08402662229616,180.99833610648918,318.9018302828619,240.56156405990015,396.9342762063228,557.4625623960067,508.05740432612316,271.6446700507614,494.6615905245347,338.1584884376762,255.06279375822524,182.02801278435794,303.3179169016733,137.1265275427712,145.93498636673482,138.1428084526244,37.036895023858214,60.4134287661895,40.5000852079073,377.391530334015,329.58026584867076,241.61397036589054,364.2816449954642,306.5313577260357,474.26906561838524,349.12047172664046,324.5869368007257,218.59655276685817,154.89123111474072,295.184258881176,292.17874642711314,221.11984483462638,225.84279297672518,590.0464985708453,323.7366271947734,185.13998439802373,147.62416572765883,158.1936378607957,231.36690647482015,107.55309005807402,292.92537054693594,217.1968449336916,246.90067562320417,181.8673604100334,104.40832492040072,72.85990525743573,60.51487147627552,111.18599052574358,261.2628717869069,103.17216885947211,162.68262168052306,215.97788360642505,116.06868996690613,208.9857938493825,531.2434417628542,586.869400274437,89.29133858267717,144.85311932162324,88.4327680193822,124.61538461538461,171.95941853422167,266.89279224712294,328.95517867958813,98.34036363636365,106.19745454545455,87.69527272727274,74.00872727272727,188.19000000000003,81.73909090909092,60.829090909090915
38.306519898391194,1.7188823031329383,5.46359017781541,26.8268416596105,17.12743437764606,75.20110076206605,125.35563082133785,165.63772546621828,129.4250484051768,81.36094976052176,19.940487108937123,57.65810659329461,101.20737796800164,367.7703046978498,203.8,90.10000000000001,20.9,52.4,64.7,266.8,131.3,148.4167868634195,327.7195717297237,311.0465993564851,385.6649839121269,387.3049484078553,541.7349384222789,2825.11217130811,536.2412451361868,218.8350194552529,101.17431906614786,225.4295719844358,140.91517509727626,424.65447470817116,136.7501945525292,136.62089866912638,221.39517723020163,127.0892080643036,156.98405587033864,69.75464488074844,308.19132955593625,75.96468572934509,149.88837905236906,143.34054862842893,73.87660847880299,71.45675810473816,226.89655860349126,325.2563591022444,436.28478802992515,151.13334134904412,119.83028736323193,169.25616207767223,121.03847541180713,91.49278586028616,570.9237705903571,603.3251773476013,222.37518832147123,383.4744662060367,391.4748818120422,333.65369629591146,329.83531612031794,896.0465478726168,943.1399033716037,303.33599225115375,258.19041650048433,247.01726397356276,78.3630562361119,345.159819953279,809.9025696541507,608.0308814312574,352.9648889125686,301.21221162555275,536.3283073152538,347.34381160424107,243.45079652618682,1021.6792583515372,835.0207256646598,574.0660248376438,318.1690782727583,750.5867608522274,241.449812008659,181.66856556910105,492.0328700011394,357.02688845847103,310.4931506849315,430.0889770836,366.4565356548457,415.16540775828963,619.1208552041992,673.8406093970042,422.8344642171297,493.1632033888602,445.0803136985517,486.47341004064344,796.5035205220677,376.92804396359264,418.5301963478161,635.3213120384681,383.1028220173233,367.94495669181333,563.530315730651,412.440625873149,384.8141939089131,637.8527521654094,750.314333612741,281.54418543395235,278.0297642565521,270.0246937969182,376.82404846569204,474.8373501909654,564.4550902146715,719.2848676412485,536.686772046589,250.95174708818632,442.153078202995,333.5353577371048,550.344009983361,772.914309484193,704.4147254575707,392.25380710659897,714.2893401015228,488.2994923857868,368.3096446700508,262.8477157360406,437.98984771573606,198.01015228426397,274.6783401499659,260.01192910702116,69.71071915473756,113.70995228357191,76.22912406271303,710.3250681663258,620.3348670756646,350.1759298457817,527.9606289688539,444.26198971877835,687.367583912912,505.98723918959786,470.43029936498334,316.81632899909283,212.34018987341773,404.6677215189874,400.5474683544304,303.13291139240505,309.60759493670884,808.8939873417722,443.8101265822785,303.96116841466585,242.368033284216,259.7208979804108,379.8561151079137,176.5797000953454,480.9222501516859,356.59183496576236,475.7412440785898,350.4316222722684,201.17946726722062,140.39030830162304,116.60324609769356,214.2390308301623,503.4150811524424,128.36225684074583,202.402534506417,268.7101460973444,144.40753894583906,260.01089676325773,660.9496327387199,730.1569941076763,89.29133858267717,144.85311932162324,88.4327680193822,124.61538461538461,171.95941853422167,266.89279224712294,328.95517867958813,131.49672727272727,142.0029090909091,117.26254545454546,98.96145454545454,251.64000000000001,109.29818181818182,81.33818181818182
62.4792548687553,2.8035563082133788,8.911303979678237,43.75550381033023,27.935436071126166,122.65558848433531,204.45935647756139,199.73433200856007,156.0672577193519,98.10914093549374,24.045246102109445,69.52705594619383,122.04096606542342,443.47600122286764,196.43373493975903,86.8433734939759,20.14457831325301,50.50602409638554,62.36144578313253,257.1566265060241,126.55421686746988,73.50049927881949,162.29668256962165,154.0397204038611,190.99301009652723,191.80517030955286,268.2835903694663,1399.0813269721514,495.36186770428014,202.15252918287936,93.46147859922179,208.2443579766537,130.1727626459144,392.2817120622568,126.32529182879378,49.11371722229543,79.58914217947029,45.68717881143761,56.43404928185531,25.076031097641323,110.7914086177362,27.30847278956384,158.3964089775561,151.4769077306733,78.07002493765586,75.51281795511221,239.77576059850375,343.71870324189524,461.04937655860346,201.6765660694962,159.90489359143922,225.8601659252134,161.51713358182036,122.09053745340869,761.8566790910185,805.0940242876037,311.5794067224271,537.3025092212582,548.5122344017872,467.4964933243285,462.1463972154398,1255.489220219232,1321.473738895527,426.50185174633924,363.02546863426585,347.3155945530169,110.18141416443508,485.3077317531764,1138.753575294855,854.9143638539114,324.5375352975651,276.9529543396025,493.133091800309,319.3691725717939,223.84357184719485,939.3944802600033,767.7691938835313,683.5619801754585,378.8558733052296,893.7518514298735,287.5033610573089,216.31958527970832,585.8820211917512,425.12532756067,350.4794520547945,485.4772116246319,413.6499807963129,468.6317372935604,698.853219818205,760.6199590321341,477.288439380361,422.9428129829984,381.7063369397218,417.20556414219476,683.0911901081917,323.258114374034,358.9366306027821,544.8593508500772,301.77556580050293,289.83549874266555,443.90088013411565,324.8853730092205,303.1236378876781,502.44572506286676,591.0333193629506,316.01317002502304,312.0684841301198,303.08336625839587,422.9579876201764,532.9708942446991,633.5603845647307,807.3457131568549,674.0343475160447,315.17470881863557,555.3078202995008,418.8929165676254,691.1867126218208,970.7166627050156,884.6868314713573,333.18274111675123,606.7216582064298,414.76452340665537,312.84442564391804,223.2644294040233,372.0312088738485,168.19101334837376,303.11562713019765,286.93081117927744,76.92782890252215,125.48227675528288,84.12108043626449,783.8646046353101,684.5577709611451,394.0671908073783,594.1355306924705,499.9460538252193,773.5226489265195,569.4079830662232,529.3943150892047,356.52627759298457,260.5089322172316,496.46539403838307,491.4104736627195,371.89771335238873,379.84115965700283,992.3891894650878,544.4871376071866,338.22588194504635,269.6895206726185,288.9985264800208,422.6762589928058,196.48504810609344,535.1353038051486,396.78945999826647,610.7167818591287,449.85477984002483,258.2573580802982,180.22132484274286,149.68548574978644,275.0221324842743,646.2421371437447,149.2646702720155,235.36161110662687,312.46670433449026,167.92275405601745,302.3508757768989,768.5781741867786,849.0552102671726,127.8005249343832,207.32475267514636,126.57167373309106,178.35897435897436,246.12134060165553,381.9971734302443,470.82556026650514,140.24436363636366,151.44945454545456,125.06327272727273,105.54472727272727,268.38,116.56909090909092,86.74909090909091
58.3844199830652,2.619813717188823,8.327265029635901,40.887806943268416,26.104572396274342,114.616850127011,191.0592718035563,186.63405686334454,145.83104045653724,91.67430958932029,22.468154488943238,64.96688066850096,114.03648221746663,414.3890757158871,195.94265060240966,86.62626506024097,20.09421686746988,50.37975903614458,62.2055421686747,256.51373493975905,126.2378313253012,73.16914456895596,161.56501719738154,153.34527904138469,190.13197603461666,190.94047486963277,267.074115166981,1392.7739931210474,522.4143968871595,213.19241245136186,98.56556420233463,219.61692607003891,137.28171206225682,413.70486381322957,133.22412451361868,68.4351034391883,110.89959151403347,63.660561338779814,78.63526156278824,34.94096718935301,154.37686124654104,38.05165370931611,111.9698753117207,107.07850374064837,55.187431421446384,53.379750623441396,169.49665835411471,242.97356608478802,325.9142144638404,210.0315017434171,166.52933750150294,235.2169652518937,168.20836840206803,127.14843092461224,793.4184201034027,838.4469760731032,340.8058600446776,587.7020104940517,599.9632188685126,511.3481219803626,505.4961816198244,1373.2553379396331,1445.4292690529378,583.5497692439177,496.69990313942225,475.2052874480087,150.75277761950886,664.0093441969118,1558.0691698478718,1169.7137485043586,373.0483776439874,318.3510043156268,566.8450636688156,367.1074644360382,257.3029996270446,1079.8121903138153,882.5328999946721,938.0022217158482,519.8762675173749,1226.4304432038282,394.5198815084881,296.8395807223425,803.9631423037484,583.3684630283697,338.7808219178082,469.2725003200614,399.84278581487644,452.9893099475099,675.5262450390475,735.2312764050697,461.3570605556267,653.4547484114717,589.7436029538038,644.5905890434484,1055.3889747552807,499.43997939206594,554.5639704619612,841.818134981968,285.6852472757754,274.38181056160937,420.2326068734283,307.5628667225482,286.96144174350377,475.65590947191953,559.5201173512154,313.0695377321217,309.1615962070328,300.26017384433027,419.01817463453176,528.0063216120111,627.658830501778,799.8253654681944,703.3271927739482,328.8718801996672,579.4409317803661,437.09757546945565,721.2249821725695,1012.9030187782269,923.1344188257666,301.65989847715736,549.3189509306261,375.52312464749014,283.2458168828727,202.14109795074262,336.832863320173,152.27824779093814,405.6191206543967,383.961145194274,102.9422290388548,167.9161554192229,112.56799591002046,1048.9412065439672,916.0521472392638,501.46295736316904,756.0562443302088,636.1971575446024,984.3320229815544,724.5896583005746,673.6710009071666,453.6909585727245,327.45906492445897,624.0557370355248,617.7017149857085,467.4744793793385,477.45937117190687,1247.4306859942835,684.4189465087791,302.4413625725925,241.1561931177949,258.4222934905088,377.9568345323741,175.69680159486867,478.5176389009274,354.80887579093354,659.4315446144288,485.73813776500737,278.8576531800885,194.5969558126893,161.62537858196785,296.95969558126893,697.7906344645493,149.53264993139075,235.7841633707321,313.02768585035113,168.2242311728146,302.89369602066347,769.9580272822666,850.5795463717815,132.6509186351706,215.19331718150616,131.37542903290935,185.1282051282051,255.4623460528972,396.49505350292753,488.69473046638404,196.9629090909091,212.69963636363636,175.64218181818183,148.2298181818182,376.92,163.71272727272728,121.83272727272728
112.93818797629129,5.0677392040643525,16.108171041490262,79.09292972057578,50.49640135478408,221.7135901778154,369.58298052497884,335.7618465301131,262.3556506674819,164.9256088861714,40.42107408539692,116.8779170488128,205.1560175277693,745.5018852542546,272.7973493975904,120.60373493975904,27.97578313253012,70.14024096385542,86.6044578313253,357.126265060241,175.7521686746988,84.31471208254743,186.17557971818482,176.70376123377346,219.09403084433595,220.0256851214912,307.75646288694105,1604.929768112726,663.3881322957199,270.7224708171206,125.16352140077821,278.8806420233463,174.32723735408558,525.3432879377432,169.17470817120625,113.68454341810515,184.22664382659113,105.75306364474898,130.62906838845697,58.044011068652,256.4511793385163,63.2114903149295,129.6161596009975,123.95391521197007,63.88488778054863,61.792319201995014,196.20907730673318,281.2658354114713,377.27780548628425,318.6456655043886,252.64710833233136,356.85535649873754,255.19442106528794,192.90104605025851,1203.7210532643983,1272.0353492845977,292.5822120629643,504.54283339394254,515.0690944984156,438.9929346979064,433.96903735258974,1178.9412437009714,1240.90264429321,616.9739615976298,525.1495641274001,502.423793516039,159.38749928778986,702.0420488861033,1647.3112643154236,1236.7118682696141,429.41797645053015,366.45553838776704,652.4983749800202,422.57935958228995,296.18285470723004,1242.9775693963452,1015.8883264958176,899.2059929360829,498.37393186738063,1175.7046826934031,378.2023470434089,284.56215107667765,770.7108351372907,559.240059245756,373.972602739726,518.0194597362694,441.3775444885418,500.04480860325185,745.6983740878248,811.6054282422225,509.2817821021636,697.6125708397733,629.5960844925296,688.1494075218959,1126.7078825347758,533.1901081916537,592.0391550747038,898.7047913446677,284.15283598770606,272.9100307348421,417.9784856105057,305.91310421905564,285.42218496786813,473.1044984632579,556.5188600167645,391.2182273146319,386.33478203608587,375.21137890161987,523.6138548663242,659.8077176346636,784.3355722375873,999.4784670090872,794.1947943903019,371.36106489184687,654.3028286189684,493.5691704302353,814.4049203708106,1143.766817209413,1042.400404088424,347.0253807106599,631.9289340101523,431.99661590524533,325.8420755781162,232.5403271291596,387.4878736604625,175.1787930062042,455.51363326516696,431.1915473755965,115.60497614178595,188.5712338104976,126.41479209270621,1177.9696659850033,1028.7341513292433,493.8296945872392,744.5475657695797,626.5129724826127,969.3485334139704,713.5599637133354,663.4163894768673,446.78488055639554,362.59131278072687,691.0090853409555,683.9733564720294,517.628623928134,528.6847692935892,1381.2643425888118,757.8485095957534,429.2760683019849,342.2897633700269,366.7967409205166,536.4604316546763,249.37869463465373,679.1933778278582,503.60492329028347,753.2965752892754,554.8792420594859,318.55090471383085,222.29634231575676,184.63151355129298,339.2296342315757,797.1157878387824,155.37460650577125,244.99580272822666,325.25708289611754,174.79643231899266,314.7271773347324,800.0388247639034,883.8100734522561,165.94225721784775,269.20028265697556,164.34665859075307,231.5897435897436,319.57561074096503,496.0032303654351,611.3422168382798,159.43272727272728,172.1709090909091,142.17454545454547,119.98545454545454,305.1,132.51818181818183,98.61818181818182
145.30059271803557,6.5198983911939035,20.723962743437763,101.75698560541913,64.96613039796782,285.2455546147333,475.4868755292125,469.8153469886885,367.1015999184755,230.7724447161928,56.55925812697442,163.5416284520534,287.06491388973814,1043.1448079078773,417.17614457831326,184.43361445783134,42.782048192771086,107.26216867469878,132.44012048192772,546.1363855421687,268.76951807228915,102.1476201042938,225.5524797514701,214.07733274159548,265.43331853988684,266.5620215244647,372.84821923887716,1944.3790080994117,777.6099221789883,317.33531128404667,146.71410505836576,326.8981517509728,204.34280155642023,615.7965953307393,198.30311284046695,202.56292001581235,328.25471076558176,188.43062327052314,232.75464488074843,103.42271709052575,456.94426143101856,112.63012254578994,276.9836408977556,264.8836907730673,136.51900249376558,132.04728179551122,419.2895760598504,601.0518703241895,806.2249376558603,409.72273656366474,324.86010580738247,458.85373331730193,328.13550559095825,248.03709270169534,1547.775279547914,1635.6155464710832,258.2728972933659,445.3782014650112,454.67011273312903,387.5149358408229,383.08016000831213,1040.6940620291962,1095.3896306301626,644.1025012819782,548.2405560936699,524.5155261808444,166.39581790211383,732.9110591989061,1719.7440601675119,1291.0904791749758,473.0777345623102,403.7137833661889,718.8391496616761,465.5438222601098,326.2963397090948,1369.353508444776,1119.1756619958442,862.1821806995556,477.8539364247465,1127.2963427139114,362.6302836960237,272.84561923208383,738.9776689073716,536.2139683263074,395.54794520547944,547.9051977979772,466.84163359365,528.8935475611318,788.7194341313532,858.4288183331199,538.6634233772885,707.8755509760146,638.858434941897,698.2731696147462,1143.2835308260346,541.0341748239739,600.7489839143626,911.9261549029709,336.14536183291426,322.8454177144454,494.4575998882369,361.88718915898295,337.6469684269349,559.6702291142777,658.3472338642079,350.19728697484527,345.82589226919526,335.86882655077045,468.7106545502436,590.623995785592,702.0945607796656,894.6787830896878,730.5276919420014,341.5906821963394,601.8502495840266,454.00190159258375,749.117661041122,1052.0760637033516,958.8357499405753,328.7969543147208,598.7351945854484,409.304850535815,308.72635833803344,220.3255311148712,367.13404775333714,165.97706335777403,491.18950238582136,464.9625085207907,124.6591683708248,203.34014996591682,136.31561008861624,1270.2283571915473,1109.3047034764827,519.2739038403387,782.909827638343,658.7935893559118,1019.2934986392501,750.325612337466,697.5984275778651,469.8051406108255,401.84810126582283,765.8227848101267,758.0253164556963,573.6708860759494,585.9240506329114,1530.8101265822786,839.8987341772153,487.443182803155,388.6701915575973,416.49787639767703,609.1510791366907,283.16962815289935,771.2244084250672,571.8436335269134,869.0238409567446,640.1240972276152,367.48916673138154,256.44723149801973,212.99603945018248,391.344723149802,919.5749009862546,174.82992977641456,275.6730971022682,365.98434094761484,196.6836709984664,354.13592703204455,900.2161594963275,994.4768746468642,195.63254593175853,317.36543508984454,193.75146375933778,273.025641025641,376.75388653341406,584.7478295982233,720.7231980617807,128.816,139.108,114.87200000000001,96.944,246.51000000000002,107.07000000000001,79.68
174.0965283657917,7.812023708721423,24.83107535986452,121.9233700254022,77.84123624047417,341.77603725656223,569.7197290431837,378.29287679608683,295.5883012330582,185.81677366758382,45.54122082951187,131.68286966269235,231.1431774177112,839.9347803933558,457.93614457831325,202.45361445783132,46.962048192771086,117.74216867469879,145.38012048192772,599.4963855421687,295.02951807228914,88.80306224342617,196.08631976034616,186.11028514368135,230.75712859203372,231.73837789859093,324.13935426606014,1690.3654720958614,740.6381322957199,302.2474708171206,139.7385214007782,311.35564202334626,194.6272373540856,586.5182879377431,188.87470817120624,313.13111081828964,507.43128211885625,291.28475424957173,359.8028725787323,159.87560943470814,706.3655290552115,174.10884174463038,212.595710723192,203.30852867830424,104.78364089775562,101.35142144638404,321.8210473815461,461.3306733167082,618.8089775561097,488.2260430443669,387.10364314055545,546.7705903570999,391.0066129614043,295.5612600697367,1844.3306480702176,1949.001202356619,281.78113148734997,485.91693074964934,496.0546002389735,422.7868980206764,417.9484648553172,1135.4189828043015,1195.092991843732,514.2975898809185,437.7545439006324,418.8107800125349,132.86234402598143,585.2087060566349,1373.1668850777733,1030.8991510455244,527.506899674996,450.16239543928816,801.5439820981405,519.1061857317918,363.83781767808625,1526.9021791251532,1247.9405402525442,680.8048877748661,377.3277885382249,890.146975048422,286.3437393186738,215.44707758915345,583.5189130682465,423.4106186624131,362.1780821917808,501.68192292920236,427.4571757777493,484.27416463961083,722.1801945973627,786.0086416591986,493.2198182050954,593.9024557788081,535.9975957410269,585.8461274257256,959.2065945388974,453.92375064399795,504.0240425897304,765.0994332818135,317.6469684269349,305.07893266275494,467.24713607152836,341.9721989382509,319.06594020676164,528.8710533668623,622.117770326907,330.1615962070328,326.0403002765705,316.6529039905176,441.89450809956537,556.8328723824576,661.9259186092454,843.4919004346108,572.2566555740433,267.58402662229616,471.4575707154742,355.64101497504157,586.8190515806989,824.140599001664,751.101081530782,270.1370558375634,491.9162436548223,336.28172588832484,253.64720812182742,181.0177664974619,301.6345177664975,136.36548223350255,460.2962678936605,435.71881390593046,116.8187627811861,190.55112474437627,127.74207566462168,1190.3376789366052,1039.5352760736196,345.82921076504385,521.407075899607,438.74738433625646,678.83531902026,499.7064408829755,464.59086785606286,312.8837012397944,346.09315026541447,659.5676806859943,652.852082482646,494.0761535320539,504.6292364230298,1318.4158329930585,723.3658636178033,442.95432088064484,353.1963248678166,378.4841813296351,553.5539568345324,257.3247811389443,700.8348790846841,519.6515558637427,777.0598741942999,572.3833190960628,328.599829152753,229.30884522792576,190.45585151821075,349.9308845227926,822.2613962879553,165.39704576640568,260.79925740576317,346.2377915893131,186.0716764872064,335.0286544515296,851.6453305351522,940.8202437646299,183.7270341207349,298.05168584696145,181.96042802342015,256.4102564102564,353.8259640621845,549.1621239652736,676.862507571169,169.87345454545456,183.4458181818182,151.48509090909093,127.84290909090909,325.08000000000004,141.19636363636366,105.07636363636364
143.05503810330228,6.4191363251481794,20.403683319221,100.18437764606266,63.962108382726505,280.83721422523286,468.1384419983065,436.61601956588197,341.1605013757261,214.46499541424643,52.56251910730663,151.9850198715989,266.77957811066955,969.4313665545706,540.9293975903614,239.14493975903616,55.47313253012048,139.0809638554217,171.7278313253012,708.1450602409639,348.4986746987952,71.60274048596472,158.1062354377011,150.06246532785977,186.06163319649394,186.8528236991013,261.3565960279596,1362.9575058249195,707.874513618677,288.87694552529183,133.556906614786,297.5821984435797,186.01750972762645,560.5724708171206,180.5194552529183,290.07010146264327,470.0607458163131,269.83265252338913,333.30465146923177,148.1013308736329,654.3441823692186,161.28633548557121,215.95690773067332,206.5228927680798,106.44029925187033,102.95381546134664,326.90912718204487,468.6244389027431,628.5925187032419,440.49537092701695,349.25904773355774,493.3164001442828,352.78044968137544,266.6661656847421,1664.022484068775,1758.46008176025,245.69281521117978,423.6845030910697,432.5238194191906,368.6396695932256,364.420904982077,990.0034287495454,1042.0348589537118,534.9015440715629,455.29200615349555,435.5893111503618,138.18511765711355,608.6535240157256,1428.1791350920175,1072.199361859723,481.32457776120197,410.7514518621131,731.3701848793222,473.65933187703126,331.98444243166927,1393.2245191539241,1138.6854920347382,713.8899965819757,395.664805742281,933.4054916258402,300.25920018229465,225.91716987581177,611.876210550302,443.9871254414948,238.7671232876712,330.7355012162335,281.80258609653055,319.2593778005377,476.0997311483805,518.1788503392652,325.1568301113814,493.83839945045503,445.6896788596943,487.1394470204362,797.5940236991241,377.44410097887686,419.10321140305683,636.1911385883565,287.32711651299246,275.95871751886,422.6477367979882,309.33046940486173,288.6106454316848,478.389564124057,562.7357502095557,305.2831555379955,301.4724087975767,292.7923745555116,408.59673383379425,514.8742262610299,612.0482681417095,779.9328328723824,455.5336344188258,213.0049916805324,375.29450915141433,283.1010221060138,467.1257428096031,656.0408842405515,597.8992155930592,134.58883248730965,245.08460236886634,167.54371122391427,126.37319044933258,90.18744124835494,150.2816318856928,67.94059033652943,301.9522835719155,285.8295841854124,76.63258350374915,125.00068166325835,83.7982276755283,780.856169052488,681.9304703476482,240.34175990323556,362.363531902026,304.91732688237073,471.7718173571213,347.28218929543397,322.87783489567585,217.44553976413667,215.35994283380973,410.4226214781544,406.24377296855863,307.4438546345447,314.0106165781952,820.3975091874235,450.121682319314,274.2558724105053,218.6820663950767,234.33908295050705,342.7338129496403,159.32304758602757,433.92303025049836,321.74308745774465,481.68206880484587,354.8076415314126,203.69169837695117,142.1434340296653,118.059330589423,216.91434340296655,509.7014832647356,164.75389458390507,259.7851319719106,344.89143595124705,185.34813140689323,333.7258858664945,848.3336831059811,937.1618371135686,168.80839895013122,273.8498889561882,167.18524126791843,235.5897435897436,325.0952957803351,504.57015949929337,621.9012719563901,197.80945454545457,213.61381818181817,176.39709090909093,148.8669090909091,378.54,164.41636363636366,122.35636363636364
100.52159187129551,4.5105842506350555,14.337214225232852,70.39733276883997,44.94475021168501,197.33806096528366,328.95046570702794,300.4090492204219,234.7318862733109,147.56037908896363,36.16508712931825,104.57169061449098,183.554876184653,667.0070314888413,449.5877108433735,198.76277108433734,46.10590361445783,115.5956626506024,142.72975903614457,588.5672289156627,289.6509638554217,56.42067014312659,124.58265838233662,118.24442471984912,146.61061799622766,147.23405081548873,205.9406412959059,1073.9669366470653,581.0282101167315,237.1121595330739,109.62441634241245,244.25749027237353,152.68443579766537,460.12169260700387,148.1715953307393,243.6987745421004,394.91566741336146,226.69653445776783,280.02174199499274,124.42548425352483,549.7390960600869,135.50270127816574,252.6149625935162,241.57955112219452,124.50822942643391,120.42992518703241,382.40099750623443,548.1720698254364,735.294264339152,288.36936395334857,228.64169772754596,322.94853913670795,230.94697607310326,174.57244198629314,1089.3488036551641,1151.172177467837,192.83105615876147,332.5271442672347,339.4646475141566,289.3254195023118,286.01433840719,777.0003636552548,817.8370304950906,452.6001937211555,385.23958748789244,368.568400660931,116.92359409720244,515.0045011680246,1208.4357586462309,907.227964218563,423.2085886301881,361.15658799083593,643.0632425808514,416.4688582236667,291.90004795140925,1225.0041025094572,1001.1985721135916,712.7083855531503,395.00991227070756,931.8605446052181,299.7622194371653,225.54323800843113,610.8634499259429,443.2522501993848,234.06849315068493,324.227051593906,276.25707335808477,312.9767635385994,466.73070029445654,507.9817564972475,318.75816156702086,532.3245749613601,480.42349304482224,525.1035548686244,859.7527047913446,406.8593508500773,451.76506955177746,685.7712519319938,255.58431126012854,245.4718496786812,375.95522492316286,275.1568175468008,256.72604079351777,425.53890751606593,500.56684828164293,294.9329645726327,291.25141577768994,282.8656657447649,394.74384301330167,497.4181482944818,591.297642565521,753.490320031608,342.248038982648,160.0332778702163,281.96339434276206,212.6972902305681,350.95733301640126,492.89160922272407,449.2090563346803,143.63451776649745,261.55668358714047,178.80428652002254,134.86670426771948,96.24891896973115,160.38202669674752,72.50686219214138,231.6346284935242,219.266530334015,58.78663940013633,95.89093387866393,64.28357191547376,599.0129516019086,523.1247443762782,192.63386755367404,290.43429089809496,244.39117024493498,378.12500755972184,278.346598125189,258.7865134563048,174.28255216208044,155.7750612494896,296.86861984483465,293.8459575336872,222.38158432013068,227.13148223764802,593.4133830134749,325.583911800735,175.6066568432001,140.02262286556297,150.047846060501,219.45323741007195,102.01490855508364,277.8418999739967,206.01282829158362,495.46478216976004,364.96000621262715,209.52007455152597,146.21068571872328,121.4374466102353,223.12106857187234,524.285936165256,120.32286705948826,189.72596658325935,251.88070062151908,135.3632254419243,243.72628945031883,619.5540398740819,684.4269109694084,135.66404199475065,220.0813648293963,134.35958005249344,189.33333333333331,261.26509186351706,405.501312335958,499.79527559055117,134.7418181818182,145.50727272727272,120.15636363636365,101.40363636363637,257.85,111.99545454545455,83.34545454545456
26.946655376799324,1.2091447925486876,3.8433530906011852,18.87129551227773,12.048264182895851,52.90008467400508,88.18120237087214,152.7169061449098,119.3290532966473,75.01426678895344,18.384999490471824,53.160399470090695,93.31254458371548,339.0818302252115,307.1732530120482,135.80132530120483,31.501084337349397,78.97879518072288,97.5177108433735,402.1286746987952,197.89915662650603,38.949239986685896,86.00393875513147,81.62842560745591,101.21064018639743,101.64101852879175,142.16831243759015,741.3984244979474,367.31322957198444,149.89708171206226,69.30214007782101,154.41420233463035,96.52373540856031,290.87879377431904,93.67081712062257,147.21649756226117,238.5654236394782,136.94557912768482,169.158914217947,75.16444854394518,332.09302938463566,81.85610752404796,191.27311720698253,182.91740648379053,94.27421446384041,91.18623441396508,289.54354114713215,415.06084788029926,556.74463840399,189.18552362630754,150.0010220031261,211.8712877239389,151.51340627630154,114.52873632319347,714.6703138150776,755.2297102320548,139.77868980206765,241.0410930437945,246.06992571042653,209.72518052885863,207.325055847057,563.2292586627876,592.8307964050081,296.81140675744973,252.63688678707766,241.70406244658423,76.67751125292007,337.73562759956695,792.4820238163068,594.9524813400946,299.69998401619694,255.7571527518781,455.3925622036336,294.9271671373009,206.7123448239118,867.5006127124515,709.0101763546273,635.5097983365614,352.2235387945767,830.9240059245756,267.2928107553834,201.11302267289506,544.6964224678136,395.24040104819414,192.16438356164383,266.1823070029445,226.80015362949686,256.9461016515171,383.1742414543592,417.04032774292665,261.6924849571118,479.38920373232577,432.64926441124277,472.88625565287083,774.257255710115,366.4004808517946,406.84068922090563,617.5768504207452,281.96367700474997,270.80748812517464,414.7583123777591,303.5563006426376,283.22324671696003,469.4596255937413,552.2313495389774,233.2116423021204,230.30053997102593,223.66969577242196,312.134861056236,393.322270512314,467.55537995522195,595.8056104306598,375.57612312811983,175.61730449251246,309.4209650582363,233.40973377703827,385.13352745424294,540.8893510815308,492.9529950083195,163.78172588832487,298.2445008460237,203.88465877044555,153.7840759541267,109.74948298552358,182.87836059409665,82.67719496145892,202.68029993183367,191.8582140422631,51.43830947511929,83.90456714383095,56.248125426039536,524.13633265167,457.73415132924333,141.5334139703659,213.3900816449955,179.56093135772605,277.8188690656184,204.50892047172664,190.13758693680072,128.05019655276686,149.66190281747654,285.2184565128624,282.31441404654964,213.654552878726,218.2180481829318,570.1257656186199,312.8068599428338,173.53419433128195,138.37011354771604,148.2770217560891,216.863309352518,100.81095605443356,274.5628846320534,203.58152032590795,358.8258134658694,264.31156325231035,151.73875902772386,105.88879397375165,87.94750330045818,161.58887939737517,379.69868758251147,57.079667446928724,90.00363225441924,119.48906287835983,64.21462587779482,115.62071192186617,293.9087093389297,324.6835902817015,86.2782152230971,139.9650716737331,85.4486169997981,120.41025641025641,166.15667272360184,257.88653341409247,317.85463355542095,54.60218181818182,58.96472727272727,48.69163636363637,41.092363636363636,104.49000000000001,45.38454545454546,33.77454545454546
14.530059271803557,0.6519898391193903,2.0723962743437765,10.175698560541914,6.496613039796783,28.524555461473327,47.54868755292125,101.75145215530418,79.50596147966982,49.980128401100586,12.249464995414245,35.41944359523082,62.17181290125344,225.9217364720269,190.54072289156628,84.23807228915663,19.54024096385542,48.99084337349397,60.490602409638555,249.4419277108434,122.75759036144578,17.38106069011428,38.379174525685116,36.42660601353601,45.16515033840009,45.35720625762787,63.44247198491068,330.8483301897259,249.48443579766536,101.81225680933852,47.07101167315175,104.88035019455252,65.56031128404669,197.5690661478599,63.62256809338522,62.70101462643299,101.60745816313086,58.32652523389116,72.04651469231783,32.013308736328895,141.44182369218606,34.86335485571221,119.11241895261846,113.90902743142144,58.70783042394015,56.784837905236905,180.30882793017457,258.4728179551122,346.70423940149624,120.19526271492124,95.30016832992665,134.6082120957076,96.26103162197907,72.76355657087892,454.051581098954,479.82018756763256,103.56330198971375,178.58953711881136,182.31544495817965,155.38729284638163,153.6090186503195,417.3016780092472,439.2337264273469,238.89140219930488,203.33713178736255,194.53774713691527,61.7146031565153,271.8296393367899,637.8364765540425,478.8529998290695,191.7148489530609,163.60509350524802,291.30971282433796,188.6617294474932,132.23165858596622,554.9307901326656,453.5461665512281,569.3395807223425,315.5495043864646,744.406972769739,239.46188902814174,180.17283809957843,487.9818275037029,354.0873874900308,165.02739726027397,228.5926897964409,194.77198822173855,220.6607988733837,329.06330815516577,358.1469082063756,224.73690948662144,216.8729749842578,195.72808975900165,213.93107790943958,350.2696204705478,165.75751330929074,184.05243574331672,279.3882878241456,163.2018021793797,156.7445515507125,240.06391450125733,175.69970662196144,163.930846605197,271.7252724224644,319.63390611902764,131.03911497431847,129.40339786645595,125.67759778743579,175.38522323192413,221.00355590675625,262.71434215725014,334.7767680758593,275.7413239838365,128.9351081530782,227.17138103161398,171.3652840503922,282.7582006180176,397.11136201568814,361.91734014737347,104.71065989847715,190.67681895093062,130.34968979131415,98.31885692799398,70.16619665350629,116.91972175220907,52.858056025568715,142.05717450579414,134.47205180640765,36.05274369461486,58.80811179277437,39.42390933878664,367.363411724608,320.8225971370143,118.31557302691262,178.38451768974903,150.10486846084063,232.24408829755066,170.96026610220744,158.94647716964016,107.04420925309948,60.542364230298084,115.37872601061659,114.20396080032667,86.42915475704369,88.27521437321356,230.63158432013068,126.53899550837076,141.48010748028082,112.8113027650169,120.8882725145185,176.80575539568346,82.18982404437895,223.84744734333015,165.9772904567912,186.77952939349228,137.58204550749397,78.98454608992778,55.1182728896482,45.77929641997359,84.11182728896482,197.64448241049936,39.92896924691259,62.96028735168294,83.5862458632658,44.92009040277666,80.88021632092986,205.598111227702,227.12607958673019,36.59842519685039,59.37189582071471,36.24651726226529,51.07692307692307,70.48213204118716,109.3930950938825,134.83101150817686,30.334545454545456,32.75818181818182,27.050909090909094,22.829090909090908,58.050000000000004,25.213636363636365,18.763636363636365
13.077053344623202,0.5867908552074513,1.8651566469093988,9.158128704487723,5.846951735817104,25.672099915325994,42.79381879762913,39.30082543564659,30.7086517884439,19.304494038520332,4.731274839498624,13.680525833078569,24.013451543870378,87.26077652094162,32.902650602409636,14.546265060240964,3.3742168674698796,8.459759036144577,10.445542168674699,43.073734939759035,21.197831325301205,13.284311549983357,29.333129923443913,27.840785532009324,34.519638300233,34.66642627316099,48.488960390546985,252.86674803062243,99.79377431906615,40.724902723735404,18.8284046692607,41.952140077821014,26.224124513618676,79.02762645914396,25.449027237354088,48.365792594544736,78.3771247858743,44.99143497166952,55.57464751614178,24.69416260376861,109.10422980629859,26.89260772170246,70.37506234413965,67.30074812967581,34.68628428927681,33.550124688279304,106.53167082294264,152.713216957606,204.8428927680798,61.37982445593363,48.66670674522063,68.740050498978,49.15738848142359,37.157989659733076,231.86942407117954,245.02861608753156,71.28713179905449,122.93095745233519,125.49566211231753,106.95984206971791,105.73577848199906,287.2469219180217,302.3437061665541,129.91937781323003,110.58344253888667,105.79796023018632,33.56304484074982,147.8326021309327,346.88279870092873,260.42077374508574,95.7604027918376,81.71975065267196,145.50743246843197,94.23538814001812,66.04891043742342,277.1845596462252,226.54355586339176,246.75976985302495,136.76358664691807,322.6364361399111,103.78614560783866,78.08943830465991,211.498177053663,153.46644639398428,98.67123287671232,136.6774420688772,116.45576750736141,131.93489950070415,196.74964793240304,214.13897068237102,134.37203943157087,129.6376438262064,116.99811093937832,127.87910012021295,209.376609994848,99.0829469345698,110.01889060621673,167.00669757856775,73.00845208158704,70.11979603241129,107.39277731209835,78.5993992735401,73.3345906677843,121.55651019837944,142.9884744341995,71.50177795337811,70.60924535756618,68.57625444488345,95.69932832872382,120.59107072303438,143.35065191623866,182.67167127617543,140.78500118849536,65.83028286189683,115.98668885191348,87.49381982410269,144.3676016163537,202.75279296410744,184.7838126931305,22.065989847715734,40.18189509306261,27.46897913141568,20.719026132731717,14.786332017296484,24.638841887572855,11.138935890204927,14.347903885480571,13.581799591002046,3.641359918200409,5.939672801635991,3.9818507157464214,37.10403885480572,32.40337423312884,62.974417901421226,94.946598125189,79.89452676141518,123.61378893256729,90.99498034472332,84.60054429996976,56.97514363471424,21.432880767660272,40.84575336872193,40.429869334422214,30.59718252347897,31.25071457737852,81.64694773376888,44.79665169456921,104.03761809829244,82.95596775591575,88.89538008147699,130.01438848920864,60.43841553263413,164.6065701655543,122.05165987691774,102.89508425875593,75.79265356837773,43.511842820532735,30.364137609691696,25.2193833967539,46.33641376096917,108.88048458491886,14.846073129388975,23.409395431431108,31.078375978690776,16.701832270562598,30.0722415045605,76.44386149003148,84.44822019533457,27.559055118110237,44.707752877044214,27.294064203513024,38.46153846153846,53.073894609327674,82.37431859479103,101.52937613567535,25.819636363636366,27.882545454545454,23.024727272727276,19.431272727272727,49.410000000000004,21.46090909090909,15.970909090909092
12.28450465707028,0.5512277730736664,1.7521168501270108,8.603090601185436,5.492591024555462,24.116215071972906,40.200254022015244,56.16967288291042,43.88953429124631,27.590441251401202,6.762050341383878,19.552532355039233,34.32059512891063,124.71517374910833,40.0233734939759,17.694337349397593,4.104457831325301,10.290602409638554,12.706144578313253,52.39566265060241,25.78542168674699,9.6996560523688,21.417840896482854,20.328192610673472,25.20481526683679,25.31199378675247,35.40463774547875,184.63286364140686,101.89785992217898,41.583560311284046,19.225389105058365,42.83667315175097,26.77704280155642,80.69387159533073,25.98560311284047,26.55132428514956,43.0266174726578,24.698906311767033,30.508762682830408,13.556331532481222,59.89484780603505,14.76320990907893,46.21645885286783,44.197506234413964,22.77905236907731,22.03291770573566,69.96109725685785,100.28927680798004,134.52369077306733,9.84393411085728,7.805037874233497,11.024347721534207,7.883732114945292,5.959300228447757,37.18660574726464,39.29704220271732,51.46397215439763,88.74694789339706,90.59847264792977,77.21699828562522,76.33331601641645,207.37077250766274,218.26952049457114,51.16648624010028,43.55136459460999,41.666685658936814,13.218221183978121,58.22129793174178,136.61375420203976,102.56219018859323,67.72113591560552,57.791677766529915,102.90191272843518,66.64265544248495,46.70936118067026,196.02312323512177,160.21013373115244,87.43921613307508,48.46211689643386,114.32607952603395,36.77657513956933,27.670958186168395,74.94428620257492,54.38076791614447,36.438356164383556,50.47369094866214,43.00601715529381,48.72231468441941,72.65779029573679,79.07950326462681,49.62232748687748,79.26801763123247,71.5394699181407,78.19274142767188,128.02507298643312,60.585093594367166,67.27196748525961,102.11763695689507,47.7236658284437,45.83542889075161,70.19977647387537,51.37831796591227,47.93685386979603,79.45822855546243,93.4677284157586,40.8310285789543,40.32134861056236,39.16041090478072,54.64901883313578,68.863426840511,81.86026603450547,104.31450019755037,62.91983598763965,29.42096505823627,51.8369384359401,39.10286427382933,64.52097694318992,90.61457095317328,82.58384834799145,3.8375634517766497,6.988155668358714,4.777213761985335,3.603308892648994,2.571536003008084,4.285015980447453,1.9372062417747697,5.816717791411042,5.506134969325154,1.4762269938650305,2.4079754601226995,1.6142638036809818,15.042177914110429,13.136503067484663,54.917084971273056,82.79854853341398,69.67233141820381,107.79788327789538,79.35252494708195,73.77623223465376,49.685394617478075,13.110146998775011,24.984687627603105,24.730298080849327,18.715802368313597,19.115557370355248,49.942119232339735,27.401388321763985,40.067608563751406,31.94851347837393,34.23593655196325,50.07194244604317,23.276415012568258,63.39429661090404,47.005287336395945,69.62646579172167,51.28694571717015,29.44334860604178,20.54663353265512,17.065310243069035,31.354663353265515,73.67663275607673,11.308741625635644,17.831705545241746,23.67341996932763,12.7223343288401,22.907014286867383,58.22980062959077,64.32698361449674,30.4251968503937,49.357359176256814,30.132646880678376,42.46153846153846,58.593579648697755,90.9412477286493,112.08843125378559,39.64654545454546,42.81418181818182,35.354909090909096,29.83709090909091,75.87,32.95363636363636,24.523636363636367
12.28450465707028,0.5512277730736664,1.7521168501270108,8.603090601185436,5.492591024555462,24.116215071972906,40.200254022015244,5.3836747172118615,4.206664628553959,2.64445123815347,0.6481198410272088,1.874044634668297,3.2895139101192297,11.953531030265975,7.120722891566265,3.1480722891566266,0.7302409638554217,1.8308433734939757,2.260602409638554,9.321927710843374,4.587590361445783,6.566847886386331,14.500277377121934,13.762565183623655,17.064129590591367,17.13669144568956,23.969599467435923,124.99988904915122,138.86964980544747,56.67140077821011,26.200972762645915,58.37918287937743,36.49260700389105,109.97217898832685,35.41400778210117,27.04994070365002,43.83462906838846,25.16273553827909,31.0816971933061,13.810910528396363,61.01963368032679,15.04045328765318,22.267930174563592,21.295162094763093,10.975361596009975,10.615860349127182,33.70852867830424,48.321197007481295,64.81596009975063,6.286882289287002,4.98473007093904,7.040759889383191,5.034988577612119,3.805939641697728,23.74942888060599,25.09727065047493,36.02478050807834,62.122863525377944,63.41893085355083,54.05189879993766,53.43332121149151,145.1595407553639,152.7886643461998,22.893282434049343,19.486069169847873,18.642812375363228,5.914192923480144,26.049797732322943,61.12472223804911,45.889123126887355,38.12952208428792,32.5388672811551,57.937609888646165,37.522297405295966,26.29911023496191,110.36832010229635,90.2042730033566,62.82231969921385,34.81850290532073,82.13968326307393,26.422809616041928,19.880710949071435,53.84510652842658,39.070867038851546,14.47945205479452,20.056650876968376,17.08923313276149,19.360709256177188,28.871911406990144,31.423697349891178,19.718345922417104,44.29286164062052,39.97435457095426,43.69202587440609,71.53700841490641,33.85334020264469,37.58978762379071,57.060621672677314,27.036113439508245,25.966401229393686,39.769139424420224,29.106524168762224,27.156887398714726,45.01417993853032,52.95075440067058,28.106940603187148,27.756091136573158,26.956934018174632,37.618859475833,47.40366126695641,56.35032266561307,71.80719083366257,39.1567625386261,18.309484193011645,32.25956738768719,24.334799144283338,40.153197052531496,56.391965771333496,51.39422391252675,3.8375634517766497,6.988155668358714,4.777213761985335,3.603308892648994,2.571536003008084,4.285015980447453,1.9372062417747697,5.816717791411042,5.506134969325154,1.4762269938650305,2.4079754601226995,1.6142638036809818,15.042177914110429,13.136503067484663,66.26096159661324,99.90172361657092,84.06410644088298,130.06501360749925,95.74387662534019,89.01572422134865,59.948593891744785,27.84064924458963,53.057370355247045,52.517149857084526,39.74479379338506,40.593711719069006,106.05685994283381,58.189465087790936,25.560370980324173,20.380948253445435,21.840166421080003,31.942446043165468,14.848747508017683,40.44118921730086,29.986131576666377,86.97367399238954,64.06492195387125,36.77906344645492,25.665760658538478,21.317076958919003,39.16657606585385,92.03292692397298,3.4301396400032287,5.40866898054726,7.180563403018807,3.8589070950036324,6.948099120187263,17.66211962224554,19.51150213899427,45.78477690288714,74.27448011306278,45.3445386634363,63.8974358974359,88.17343024429638,136.8512012921462,168.6741368867353,31.32218181818182,33.82472727272727,27.931636363636365,23.572363636363637,59.940000000000005,26.034545454545455,19.374545454545455
